{
  "sporthallen":[
    {
      "objectid": 131083,
      "afbeelding": "./public/images/allinn.jpg",
      "openingsuren": {

      }
    },
    {
      "objectid": 131410,
      "afbeelding": "./public/images/Boeckenberg Sportcenter.jpg",
      "openingsuren": {

      }
    },
    {
      "objectid": 131407,
      "afbeelding": "./public/images/Buurtsportballon.jpg",
      "openingsuren": {

      }
    },
    {
      "objectid": 131408,
      "afbeelding": "./public/images/Buurtsporthal IGLO.jpg",
      "openingsuren": {

      }
    },
    {
      "objectid": 131404,
      "afbeelding": "./public/images/Buurtsporthal Kiel-Antwerpen.jpg",
      "openingsuren": {

      }
    },
    {
      "objectid": 130657,
      "afbeelding": "./public/images/extra time.jpg",
      "openingsuren": {

      }
    },
    {
      "objectid": 130919,
      "afbeelding": "./public/images/groenendaalcolleg.jpg",
      "openingsuren": {

      }
    },
    {
      "objectid": 131053,
      "afbeelding": "./public/images/Gymhal Terlinden.jpg",
      "openingsuren": {

      }
    },
    {
      "objectid": 131054,
      "afbeelding": "./public/images/Ijsbaan Ruggeveld.jpg",
      "openingsuren": {

      }
    },
    {
      "objectid": 130822,
      "afbeelding": "./public/images/linkeroever.jpg",
      "openingsuren": {

      }
    },
    {
      "objectid": 131043,
      "afbeelding": "./public/images/Schoolsporthal Brilschans.jpg",
      "openingsuren": {

      }
    },
    {
      "objectid": 131406,
      "afbeelding": "./public/images/Sportcentrum De Polder.jpg",
      "openingsuren": {

      }
    },
    {
      "objectid": 130995,
      "afbeelding": "./public/images/Sportcentrum Het Rooi.jpg",
      "openingsuren": {

      }
    },
    {
      "objectid": 131003,
      "afbeelding": "./public/images/Sporthal Arena.jpg",
      "openingsuren": {

      }
    },
    {
      "objectid": 131036,
      "afbeelding": "./public/images/Sporthal De Rode Loop.jpg",
      "openingsuren": {

      }
    },
    {
      "objectid": 131004,
      "afbeelding": "./public/images/Sporthal Expo.jpg",
      "openingsuren": {

      }
    },
    {
      "objectid": 131035,
      "afbeelding": "./public/images/Sporthal Fort VIII.jpg",
      "openingsuren": {

      }
    },
    {
      "objectid": 130991,
      "afbeelding": "./public/images/Sporthal Heilig Pius X - Instituut.jpg",
      "openingsuren": {

      }
    },
    {
      "objectid": 130817,
      "afbeelding": "./public/images/sporthal kiel.jpg",
      "openingsuren": {

      }
    },
    {
      "objectid": 130819,
      "afbeelding": "./public/images/sporthal luchtbal.jpg",
      "openingsuren": {

      }
    },
    {
      "objectid": 130997,
      "afbeelding": "./public/images/Sporthal Luisbekelaar.jpg",
      "openingsuren": {

      }
    },
    {
      "objectid": 131007,
      "afbeelding": "./public/images/Sporthal Notelaar.jpg",
      "openingsuren": {

      }
    },
    {
      "objectid": 131000,
      "afbeelding": "./public/images/Sporthal Plantin Moretus.jpg",
      "openingsuren": {

      }
    },
    {
      "objectid": 131008,
      "afbeelding": "./public/images/Sporthal Sorghvliedt.jpg",
      "openingsuren": {

      }
    },
    {
      "objectid": 131005,
      "afbeelding": "./public/images/Sporthal 't Venneke.jpg",
      "openingsuren": {

      }
    },
    {
      "objectid": 131405,
      "afbeelding": "./public/images/Sporthal Wilrijkse Plein.jpg",
      "openingsuren": {

      }
    },
    {
      "objectid": 131051,
      "afbeelding": "./public/images/Sportzaal Schriek.jpg",
      "openingsuren": {

      }
    }
  ]
}
